TCGA_ID;IDH1_mut;IDH2_mut;EGFR_mut;TP53_mut;PTEN_mut;ATRX_mut;TERT_mut;NF1_mut;PIK3CA_mut;RB1_mut
TCGA-02-0003;0;0;1;1;0;0;0;0;0;0
TCGA-02-0033;0;0;0;1;0;0;0;0;1;1
TCGA-02-0047;0;0;0;0;0;0;0;0;1;0
TCGA-02-0055;0;0;0;1;1;0;0;0;0;1
TCGA-02-2466;0;0;1;0;0;0;0;0;0;0
TCGA-02-2470;0;0;0;0;1;0;0;0;0;0
TCGA-02-2483;1;0;0;1;0;1;0;0;0;0
TCGA-02-2485;0;0;1;1;0;0;0;0;1;0
TCGA-02-2486;0;0;0;0;0;0;0;0;0;0
TCGA-06-0119;0;0;0;0;0;0;0;1;0;0
TCGA-06-0122;0;0;0;0;0;0;0;0;0;0
TCGA-06-0124;0;0;0;0;1;0;0;1;0;0
TCGA-06-0125;0;0;1;0;1;0;0;0;0;0
TCGA-06-0126;0;0;0;0;0;0;0;0;0;0
TCGA-06-0128;1;0;0;1;0;0;0;0;0;0
TCGA-06-0129;1;0;0;1;0;1;0;0;0;0
TCGA-06-0130;0;0;0;1;0;0;0;0;0;1
TCGA-06-0132;0;0;0;0;0;0;0;0;0;0
TCGA-06-0137;0;0;1;0;0;0;0;0;0;0
TCGA-06-0139;0;0;0;0;0;0;0;0;0;0
TCGA-06-0140;0;0;0;0;0;0;0;0;0;1
TCGA-06-0141;0;0;0;0;0;0;0;0;0;0
TCGA-06-0145;0;0;0;0;0;0;1;0;0;0
TCGA-06-0151;0;0;0;0;0;0;0;0;0;0
TCGA-06-0152;0;0;0;1;0;0;0;0;0;0
TCGA-06-0154;0;0;1;0;0;0;0;0;0;0
TCGA-06-0155;0;0;1;0;1;0;0;0;0;0
TCGA-06-0157;0;0;1;0;1;0;0;0;0;0
TCGA-06-0158;0;0;1;0;0;0;0;0;0;0
TCGA-06-0166;0;0;0;0;1;0;0;0;1;0
TCGA-06-0168;0;0;0;0;1;0;0;0;0;0
TCGA-06-0169;0;0;0;0;0;0;0;0;0;0
TCGA-06-0171;0;0;0;0;0;0;0;0;1;0
TCGA-06-0173;0;0;0;0;0;0;0;0;0;0
TCGA-06-0174;0;0;0;0;0;0;0;0;0;0
TCGA-06-0184;0;0;0;1;1;0;0;1;0;0
TCGA-06-0185;0;0;1;0;0;0;0;0;0;0
TCGA-06-0187;0;0;0;0;1;0;0;0;0;0
TCGA-06-0188;0;0;0;1;1;0;0;0;0;0
TCGA-06-0189;0;0;0;1;0;0;0;0;0;0
TCGA-06-0190;0;0;0;1;1;0;0;1;0;0
TCGA-06-0192;0;0;0;0;1;0;0;1;0;0
TCGA-06-0195;0;0;0;1;1;0;0;0;0;1
TCGA-06-0209;0;0;0;0;0;0;0;0;0;0
TCGA-06-0210;0;0;0;1;1;0;0;1;1;0
TCGA-06-0211;0;0;1;0;0;0;0;0;0;0
TCGA-06-0213;0;0;0;0;1;1;0;0;0;1
TCGA-06-0214;0;0;0;0;0;0;0;1;0;0
TCGA-06-0216;0;0;0;0;1;0;0;0;0;0
TCGA-06-0219;0;0;0;0;0;0;0;0;0;0
TCGA-06-0221;1;0;0;1;0;1;0;0;0;0
TCGA-06-0237;0;0;1;1;0;0;0;0;0;0
TCGA-06-0238;0;0;0;1;0;0;0;0;0;0
TCGA-06-0240;0;0;0;0;0;0;0;0;0;0
TCGA-06-0241;0;0;0;1;0;1;0;0;0;0
TCGA-06-0644;0;0;0;1;1;0;0;0;0;0
TCGA-06-0645;0;0;0;0;0;0;0;0;0;0
TCGA-06-0646;0;0;0;0;0;0;0;0;0;0
TCGA-06-0648;0;0;0;0;0;0;0;0;0;0
TCGA-06-0649;0;0;1;0;1;0;0;0;0;0
TCGA-06-0650;0;0;0;0;1;0;0;0;0;0
TCGA-06-0686;0;0;0;0;0;0;0;0;0;0
TCGA-06-0743;0;0;1;1;1;0;0;0;0;0
TCGA-06-0744;0;0;0;1;0;0;0;0;0;0
TCGA-06-0745;0;0;0;0;0;0;0;0;0;0
TCGA-06-0747;0;0;1;0;0;0;0;0;0;0
TCGA-06-0749;0;0;1;0;1;1;0;0;0;0
TCGA-06-0750;0;0;1;0;0;0;0;0;0;0
TCGA-06-0875;0;0;0;1;1;0;0;0;0;0
TCGA-06-0876;0;0;1;1;1;0;0;0;0;0
TCGA-06-0877;0;0;0;0;0;0;0;0;0;0
TCGA-06-0878;0;0;0;0;0;0;0;0;0;0
TCGA-06-0879;0;0;1;0;0;0;0;0;1;0
TCGA-06-0881;0;0;1;0;1;0;0;0;0;0
TCGA-06-0882;0;0;0;0;1;0;0;0;0;0
TCGA-06-0939;0;0;0;0;0;0;0;0;0;1
TCGA-06-1084;0;0;0;0;1;0;0;1;0;0
TCGA-06-1087;0;0;0;1;0;0;0;0;0;1
TCGA-06-1800;0;0;0;1;1;0;0;0;0;1
TCGA-06-1804;0;0;1;0;1;0;0;0;0;0
TCGA-06-1806;0;0;0;0;0;0;0;0;0;0
TCGA-06-2557;0;0;0;0;0;0;0;0;0;0
TCGA-06-2558;0;0;0;1;1;0;0;0;0;0
TCGA-06-2559;0;0;0;1;1;0;0;0;0;0
TCGA-06-2561;0;0;1;0;1;0;0;0;0;0
TCGA-06-2562;0;0;0;0;0;0;0;1;0;0
TCGA-06-2563;0;0;1;1;0;0;0;0;0;0
TCGA-06-2564;0;0;0;0;0;0;0;0;0;0
TCGA-06-2565;0;0;1;0;1;0;0;0;0;0
TCGA-06-2567;0;0;1;1;0;0;0;0;0;0
TCGA-06-2569;0;0;0;1;0;0;0;1;0;0
TCGA-06-2570;1;0;0;1;0;1;0;0;1;0
TCGA-06-5408;0;0;0;0;0;0;0;1;0;0
TCGA-06-5410;0;0;0;0;0;0;0;1;0;0
TCGA-06-5411;0;0;0;0;1;0;0;0;0;0
TCGA-06-5412;0;0;0;0;1;0;0;1;0;0
TCGA-06-5413;0;0;0;0;0;0;0;0;1;0
TCGA-06-5414;0;0;0;0;0;0;0;0;0;0
TCGA-06-5415;0;0;0;0;0;0;0;0;0;0
TCGA-06-5416;0;1;1;1;0;1;1;1;1;1
TCGA-06-5417;1;0;0;1;0;1;0;0;1;0
TCGA-06-5418;0;0;0;0;1;0;1;0;0;0
TCGA-06-5856;0;0;1;0;0;0;0;0;0;0
TCGA-06-5858;0;0;0;1;1;1;0;0;0;1
TCGA-06-5859;0;0;0;0;0;0;0;0;0;0
TCGA-06-6388;0;0;0;0;0;1;0;0;0;0
TCGA-06-6389;1;0;0;1;0;0;0;0;0;0
TCGA-06-6390;0;0;0;0;0;0;0;0;0;0
TCGA-06-6391;0;0;0;0;0;1;0;0;1;0
TCGA-06-6693;0;0;0;0;0;0;0;0;0;0
TCGA-06-6694;0;0;0;1;0;0;0;0;0;0
TCGA-06-6695;0;0;1;0;0;0;0;0;0;0
TCGA-06-6697;0;0;0;0;0;0;0;0;0;0
TCGA-06-6698;0;0;0;1;0;0;0;1;0;1
TCGA-06-6699;0;0;0;0;0;0;0;0;0;0
TCGA-06-6700;0;0;0;0;0;0;0;0;0;0
TCGA-06-6701;1;0;0;1;0;1;0;0;0;0
TCGA-06-A5U0;0;0;0;1;0;1;0;0;0;0
TCGA-06-A5U1;0;0;0;0;0;0;0;0;0;0
TCGA-06-A6S0;0;0;0;0;0;0;0;0;1;0
TCGA-06-A6S1;0;0;1;0;0;0;0;0;0;0
TCGA-06-A7TK;0;0;0;0;0;0;0;0;0;0
TCGA-06-A7TL;1;0;0;1;0;1;0;0;0;0
TCGA-08-0386;0;0;0;0;0;0;0;0;0;0
TCGA-12-0615;0;0;0;0;0;0;0;0;0;0
TCGA-12-0616;0;0;1;0;0;0;0;0;0;0
TCGA-12-0618;0;0;0;1;0;0;0;0;0;0
TCGA-12-0619;0;0;1;1;0;0;0;0;0;1
TCGA-12-0656;0;0;1;0;1;0;0;1;0;0
TCGA-12-0657;0;0;1;0;0;0;0;0;0;0
TCGA-12-0662;0;0;0;1;0;0;0;0;0;0
TCGA-12-0670;0;0;1;0;0;0;0;0;0;0
TCGA-12-0688;0;0;0;0;0;0;0;0;0;0
TCGA-12-0691;0;0;1;1;0;0;0;0;0;0
TCGA-12-0692;0;0;0;0;0;0;0;0;0;0
TCGA-12-0707;0;0;1;1;1;0;0;0;0;0
TCGA-12-0773;0;0;0;1;0;1;0;0;0;0
TCGA-12-0775;0;0;0;0;0;0;0;0;0;0
TCGA-12-0818;1;0;0;1;0;1;0;0;0;0
TCGA-12-0819;0;0;0;0;0;0;0;0;0;0
TCGA-12-0820;0;0;0;0;0;0;0;0;0;0
TCGA-12-0821;0;0;0;0;0;0;0;0;1;0
TCGA-12-0826;0;0;0;0;0;0;0;0;0;0
TCGA-12-0827;1;0;0;1;0;0;0;0;0;0
TCGA-12-0829;0;0;1;0;0;0;0;0;0;0
TCGA-12-1088;0;0;0;1;0;0;0;0;0;0
TCGA-12-1089;0;0;0;0;1;0;0;0;0;0
TCGA-12-1092;0;0;0;1;1;0;0;0;0;1
TCGA-12-1093;0;0;0;0;1;0;0;0;0;0
TCGA-12-1597;0;0;0;1;1;0;0;0;0;0
TCGA-12-1598;0;0;0;1;1;0;0;0;0;0
TCGA-12-1599;0;0;0;0;1;0;0;1;0;0
TCGA-12-1600;0;0;1;1;0;0;0;0;0;1
TCGA-12-1602;0;0;0;0;0;0;0;0;0;0
TCGA-12-3644;0;0;0;1;1;0;0;0;0;1
TCGA-12-3646;0;0;0;0;0;0;0;0;0;0
TCGA-12-3648;0;0;0;0;0;0;0;0;0;0
TCGA-12-3649;0;0;0;0;1;0;0;0;0;0
TCGA-12-3650;0;0;0;0;0;0;0;0;0;0
TCGA-12-3651;0;0;0;0;0;0;0;0;1;0
TCGA-12-3652;0;0;1;0;0;0;0;0;0;0
TCGA-12-3653;0;0;0;0;0;0;0;0;0;0
TCGA-12-5295;0;0;0;0;0;0;0;0;0;0
TCGA-12-5299;0;0;0;0;0;0;0;0;0;0
TCGA-12-5301;0;0;0;0;0;0;0;0;1;0
TCGA-14-0736;0;0;0;0;1;0;0;0;0;0
TCGA-14-0740;0;0;0;1;0;0;0;0;0;0
TCGA-14-0781;0;0;0;0;1;0;0;0;0;0
TCGA-14-0786;0;0;1;0;0;0;0;0;0;0
TCGA-14-0787;0;0;0;0;0;0;0;0;0;0
TCGA-14-0789;0;0;1;0;0;0;0;1;0;0
TCGA-14-0790;0;0;1;0;0;0;0;0;0;0
TCGA-14-0812;0;0;0;1;0;0;0;0;0;1
TCGA-14-0813;0;0;0;1;1;0;0;0;0;0
TCGA-14-0817;0;0;0;1;0;0;0;0;0;0
TCGA-14-0862;0;0;0;0;0;0;0;0;0;0
TCGA-14-0865;0;0;0;0;0;0;0;0;0;0
TCGA-14-0871;0;0;0;1;0;0;0;1;0;0
TCGA-14-1034;0;0;1;1;1;0;0;1;0;0
TCGA-14-1037;0;0;0;0;0;0;0;0;0;1
TCGA-14-1043;0;0;0;0;0;0;0;1;0;0
TCGA-14-1395;0;0;1;0;1;0;0;0;0;0
TCGA-14-1396;0;0;0;1;0;1;0;1;0;0
TCGA-14-1450;0;0;0;0;0;0;0;0;0;0
TCGA-14-1451;0;0;0;0;1;0;0;0;0;0
TCGA-14-1453;0;0;0;0;0;1;0;0;0;0
TCGA-14-1455;0;0;1;0;0;0;0;0;0;0
TCGA-14-1456;1;0;1;1;0;1;0;0;0;0
TCGA-14-1795;0;0;0;1;1;0;0;1;0;0
TCGA-14-1821;1;0;0;1;0;1;0;0;0;0
TCGA-14-1823;0;0;0;0;0;0;0;0;0;0
TCGA-14-1825;0;0;0;1;0;0;0;0;0;0
TCGA-14-1827;0;0;1;0;0;0;0;0;0;0
TCGA-14-1829;0;0;0;0;0;0;0;0;0;0
TCGA-14-2554;0;0;1;0;0;0;0;0;0;0
TCGA-14-3476;0;0;0;0;0;0;0;0;0;0
TCGA-14-3477;0;0;0;1;0;0;0;0;0;0
TCGA-14-4157;1;0;0;1;0;1;0;0;0;0
TCGA-15-0742;0;0;1;0;0;0;0;0;1;0
TCGA-15-1446;0;0;0;0;0;0;0;0;0;0
TCGA-16-0846;0;0;0;1;1;0;0;0;0;0
TCGA-16-0848;0;0;0;1;1;0;0;0;0;0
TCGA-16-0849;1;0;1;1;0;1;0;0;0;0
TCGA-16-0850;1;0;0;1;0;0;0;0;0;0
TCGA-16-0861;0;0;0;0;1;0;0;0;0;0
TCGA-16-1045;0;0;1;0;1;0;0;0;0;0
TCGA-16-1048;0;0;1;0;0;0;0;0;1;0
TCGA-16-1460;1;0;0;1;0;1;0;0;0;0
TCGA-19-0957;0;0;0;0;1;0;0;0;0;0
TCGA-19-1385;0;0;0;0;0;0;0;1;0;0
TCGA-19-1386;0;0;0;0;0;0;0;0;0;0
TCGA-19-1387;0;0;0;0;1;0;1;0;0;0
TCGA-19-1389;0;0;0;0;0;0;0;0;0;0
TCGA-19-1390;0;0;0;1;0;0;0;0;0;0
TCGA-19-1786;0;0;0;0;0;0;0;0;0;0
TCGA-19-1787;0;1;0;1;1;1;0;0;0;0
TCGA-19-1788;1;0;0;1;0;1;0;0;0;0
TCGA-19-1789;0;0;1;0;0;0;0;0;0;0
TCGA-19-1790;0;0;0;0;0;0;0;0;1;0
TCGA-19-1791;0;0;0;0;0;0;0;0;0;0
TCGA-19-2620;0;0;1;0;0;0;0;0;0;0
TCGA-19-2621;0;0;1;0;1;1;0;0;0;0
TCGA-19-2623;0;0;0;1;0;0;0;0;0;1
TCGA-19-2624;0;0;1;0;0;0;0;0;0;0
TCGA-19-2625;0;0;1;1;1;0;0;0;0;1
TCGA-19-2629;1;0;0;1;0;1;0;0;0;0
TCGA-19-2631;0;0;0;0;0;0;0;0;0;0
TCGA-19-4065;0;0;0;1;1;0;0;1;0;0
TCGA-19-4068;0;0;0;0;0;0;0;0;0;0
TCGA-19-5947;0;0;0;0;0;0;0;0;1;0
TCGA-19-5950;0;0;0;0;0;0;0;0;0;0
TCGA-19-5951;0;0;0;0;0;0;0;0;0;0
TCGA-19-5953;0;0;0;0;1;0;0;1;0;0
TCGA-19-5954;0;0;0;0;0;0;0;0;1;0
TCGA-19-5955;0;0;0;0;1;0;0;0;0;0
TCGA-19-5956;0;0;1;1;1;1;1;1;0;1
TCGA-19-5958;0;0;0;0;0;0;0;0;0;0
TCGA-19-5959;0;0;0;0;1;0;0;0;0;0
TCGA-19-5960;0;0;0;0;0;0;0;0;0;0
TCGA-19-A60I;0;0;0;0;0;0;0;0;0;1
TCGA-19-A6J4;0;0;0;0;0;0;0;0;0;0
TCGA-19-A6J5;1;0;0;1;1;1;0;0;0;0
TCGA-26-1439;0;0;1;0;0;0;0;0;0;0
TCGA-26-1442;1;0;0;1;0;0;0;0;0;0
TCGA-26-1799;0;0;0;0;0;0;0;0;0;0
TCGA-26-5133;0;0;0;1;0;0;0;1;0;0
TCGA-26-5134;0;0;0;0;0;0;0;0;0;0
TCGA-26-5135;0;0;0;0;0;0;0;0;0;0
TCGA-26-5136;0;0;0;1;0;0;0;0;1;0
TCGA-26-5139;0;0;1;0;0;0;0;0;0;0
TCGA-26-6173;0;0;0;0;0;0;0;0;0;0
TCGA-26-6174;0;0;0;0;1;0;0;0;0;0
TCGA-26-A7UX;0;0;0;0;1;0;0;0;0;0
TCGA-27-1830;0;0;0;1;0;0;0;0;0;0
TCGA-27-1831;0;0;1;0;0;0;0;0;0;0
TCGA-27-1832;0;0;0;0;0;0;0;0;0;0
TCGA-27-1833;0;0;0;0;0;0;0;0;0;0
TCGA-27-1834;0;0;0;0;1;0;0;0;0;0
TCGA-27-1835;0;0;0;1;0;0;0;0;0;0
TCGA-27-1836;0;0;0;1;0;0;0;0;0;0
TCGA-27-1837;0;0;0;0;1;0;0;0;0;0
TCGA-27-1838;0;0;1;1;1;0;0;0;1;0
TCGA-27-2518;0;0;0;0;0;0;0;0;0;0
TCGA-27-2519;0;0;0;1;1;0;0;0;0;0
TCGA-27-2521;1;0;0;1;0;1;0;0;0;0
TCGA-27-2523;0;0;0;0;0;0;0;0;0;0
TCGA-27-2524;0;0;0;0;1;0;0;0;0;0
TCGA-27-2526;0;0;0;0;1;0;0;0;0;0
TCGA-27-2527;0;0;0;0;0;0;0;0;1;0
TCGA-27-2528;0;0;1;0;0;0;0;0;0;0
TCGA-28-1745;0;0;1;0;1;0;0;0;0;0
TCGA-28-1746;0;0;0;1;1;0;0;0;0;0
TCGA-28-1747;0;0;1;0;0;0;0;0;0;0
TCGA-28-1749;0;0;1;0;1;0;0;0;0;0
TCGA-28-1750;0;0;0;0;1;0;0;0;0;0
TCGA-28-1751;0;0;0;0;0;0;0;0;0;0
TCGA-28-1752;0;0;1;1;0;0;0;0;0;1
TCGA-28-1753;0;0;0;1;1;0;0;0;0;0
TCGA-28-1755;0;0;0;0;0;0;0;0;0;0
TCGA-28-1757;0;0;1;0;0;0;0;0;1;0
TCGA-28-2499;0;0;0;0;0;0;0;0;0;0
TCGA-28-2501;0;0;0;0;0;0;0;0;0;0
TCGA-28-2502;0;0;0;0;1;0;0;1;0;0
TCGA-28-2509;0;0;0;1;0;0;0;0;0;0
TCGA-28-2510;0;0;0;0;1;0;0;0;0;0
TCGA-28-2513;0;0;0;0;1;0;0;0;0;0
TCGA-28-2514;0;0;0;0;0;0;0;0;0;0
TCGA-28-5204;0;0;0;0;0;0;0;0;0;0
TCGA-28-5208;0;0;0;0;0;0;0;1;0;0
TCGA-28-5209;0;0;1;0;1;0;0;0;0;0
TCGA-28-5211;0;0;0;0;0;0;0;0;0;0
TCGA-28-5213;0;0;1;0;0;0;0;0;0;0
TCGA-28-5214;0;0;0;0;0;0;0;0;0;0
TCGA-28-5215;0;0;0;1;0;0;0;0;0;0
TCGA-28-5216;0;0;0;1;1;0;0;0;0;0
TCGA-28-5218;0;0;0;0;0;0;0;0;0;0
TCGA-28-5219;0;0;0;1;0;0;0;0;0;0
TCGA-28-5220;0;0;0;0;0;0;0;0;0;0
TCGA-28-6450;0;0;0;0;0;0;0;1;1;0
TCGA-32-1970;0;0;1;1;0;0;0;0;0;1
TCGA-32-1976;0;0;0;0;1;0;0;0;0;0
TCGA-32-1977;0;0;0;0;1;0;0;0;0;0
TCGA-32-1979;0;0;1;0;0;0;0;0;1;0
TCGA-32-1980;0;0;0;0;0;0;0;1;0;0
TCGA-32-1982;0;0;1;0;1;0;0;0;0;0
TCGA-32-1986;0;0;0;0;0;0;0;1;0;0
TCGA-32-1991;0;0;0;0;1;0;0;0;0;0
TCGA-32-2491;0;0;0;1;0;0;0;0;1;1
TCGA-32-2494;0;0;0;0;0;0;0;0;0;0
TCGA-32-2495;0;0;0;0;1;0;0;0;0;0
TCGA-32-2615;0;0;0;0;0;0;0;0;0;0
TCGA-32-2616;0;0;0;1;1;1;0;1;1;1
TCGA-32-2632;0;0;1;0;1;0;0;0;0;1
TCGA-32-2634;0;0;0;1;1;0;0;0;0;1
TCGA-32-2638;0;0;0;0;0;0;0;0;0;0
TCGA-32-4208;1;0;0;1;0;1;0;0;0;0
TCGA-32-4209;0;0;0;0;0;0;0;0;0;0
TCGA-32-4210;0;0;0;1;1;0;0;0;0;0
TCGA-32-4211;0;0;0;0;1;0;0;0;0;0
TCGA-32-4213;0;0;0;0;1;0;0;0;0;1
TCGA-32-5222;0;0;0;0;1;0;0;0;0;0
TCGA-41-2571;0;0;0;0;1;0;0;0;0;0
TCGA-41-2572;0;0;0;0;0;0;0;0;1;0
TCGA-41-2573;0;0;0;0;1;0;0;0;0;0
TCGA-41-2575;0;0;0;1;0;0;0;0;0;0
TCGA-41-3392;0;0;0;0;0;0;0;1;0;0
TCGA-41-3393;0;0;0;0;0;0;0;0;0;0
TCGA-41-3915;0;0;0;1;1;0;0;0;0;0
TCGA-41-4097;0;0;0;0;1;0;0;1;0;0
TCGA-41-5651;0;0;0;1;0;0;0;0;1;0
TCGA-41-6646;0;0;0;0;0;0;0;1;0;0
TCGA-4W-AA9R;0;0;0;1;1;0;0;0;0;0
TCGA-4W-AA9S;0;0;0;0;0;0;0;1;0;0
TCGA-4W-AA9T;0;0;1;0;1;1;0;0;0;0
TCGA-74-6573;0;0;0;1;0;0;0;0;0;0
TCGA-74-6575;0;0;0;0;0;1;0;1;0;0
TCGA-74-6577;0;0;0;0;1;0;0;0;0;0
TCGA-74-6578;0;0;0;0;0;0;0;0;1;0
TCGA-74-6581;0;0;0;0;0;0;0;0;0;0
TCGA-74-6584;0;0;0;0;0;0;0;0;0;0
TCGA-76-4925;0;0;0;1;1;0;0;0;0;0
TCGA-76-4926;0;0;1;0;0;0;0;0;0;0
TCGA-76-4927;0;0;1;0;1;0;0;0;0;0
TCGA-76-4928;0;0;0;0;0;0;0;0;1;0
TCGA-76-4929;0;0;0;1;0;0;0;0;0;0
TCGA-76-4931;0;0;1;0;1;0;0;0;0;0
TCGA-76-4932;0;0;0;0;0;0;0;0;0;0
TCGA-76-4934;0;0;0;1;1;0;0;0;0;0
TCGA-76-4935;0;0;0;0;1;0;0;0;0;0
TCGA-76-6191;0;0;1;0;1;0;0;0;0;0
TCGA-76-6192;0;0;0;0;1;0;0;0;0;0
TCGA-76-6193;0;0;0;1;0;0;0;0;0;1
TCGA-76-6280;0;0;0;0;0;0;0;0;0;0
TCGA-76-6282;0;0;1;0;0;0;0;0;0;0
TCGA-76-6283;0;0;0;1;1;0;0;0;0;1
TCGA-76-6285;0;0;0;0;0;0;0;0;0;0
TCGA-76-6286;0;0;0;1;1;0;0;0;1;1
TCGA-76-6656;0;0;1;0;0;0;0;0;0;0
TCGA-76-6657;0;0;0;0;1;0;0;1;0;0
TCGA-76-6660;0;0;0;1;1;0;0;0;0;0
TCGA-76-6661;0;0;0;0;1;0;0;0;0;0
TCGA-76-6662;0;0;0;1;1;0;0;0;0;1
TCGA-76-6663;0;0;0;0;0;0;0;1;0;1
TCGA-76-6664;0;0;0;1;1;0;0;0;0;0
TCGA-81-5910;0;0;1;0;1;0;0;0;0;0
TCGA-81-5911;0;0;1;0;1;0;0;0;0;1
TCGA-87-5896;0;0;0;0;0;0;0;0;0;0
TCGA-OX-A56R;0;0;1;0;1;0;0;0;0;0
TCGA-RR-A6KA;0;0;0;0;0;0;0;0;1;0
TCGA-RR-A6KB;0;0;0;0;0;0;0;0;0;0
TCGA-RR-A6KC;0;0;1;0;0;0;0;0;1;0
